{"cameraMode":{"drawMode":0,"name":"Shaded","section":"Shading Mode"},"sceneLighting":true,"audioPlay":false,"sceneViewState":{"m_AlwaysRefresh":false,"showFog":true,"showSkybox":true,"showFlares":true,"showImageEffects":true,"showParticleSystems":true,"showVisualEffectGraphs":true,"m_FxEnabled":true},"in2DMode":false,"pivot":{"x":1.0485584735870362,"y":-3.363616466522217,"z":10.830167770385743},"rotation":{"x":0.27526748180389407,"y":-0.05332702025771141,"z":0.015294508077204228,"w":0.959766149520874},"size":9.028281211853028,"orthographic":false}